Title,BKT_SED29U_Br,BKT_SED29U_C,BKT_SED29U_F,DUS_SED21U_Br,DUS_NOAA_Cr,DUS_SED21U_F,SNB_SED54_Br,SNB_NOAA_C,SNB_SED54_F,LCS_SED11_Br,LCS_NOAA_C,LOS_Mako_PelLL_ICCAT_Br,LOS_NOAA_C,LOS_ICCAT_F,ASN_SED34_Br,ASN_NOAA_C,ASN_SED34_F,SCS_SED34_Br,SCS_NOAA_C,YFT_PelLL_ICCAT_Br,YFT_NOAA_C,YFT_ICCAT_F,BFT_GOMPelLL_ICCAT_Br,BFT_NOAA_C,BFT_ICCAT_F,TUN_PelLL_ICCAT_Br,TUN_NOAA_C,BIL_PelLL_ICCAT_Br,BIL_ICCAT_C,BIL_ICCAT_F,SWO_PelLL_ICCAT_Br,SWO_NOAA_Cr,SWO_ICCAT_F,PCP_SMP_TRWL_Br,PCP_NOAA_C,GAJ_SED33U_Br,GAJ_SED33U_F,GAJ_SED33U_C,COB_SED28_Br,COB_SED28_F,COB_SED28_C,KM_0_SED38_Br,KM_1_SED38_Br,KM_1_SED38_F,KM_1_SED38_C,SM_0_SED28_Br,SM_1_SED28_Br,SM_1_SED28_F,SM_1_SED28_C,RAY_NOAA_C,RAY_SMP_TRWL_Br,Gag_0_SED33U_Br,Gag_3_SED33U_Br,Gag_3_SED33U_F,Gag_3_SED33U_C,RGR_0_SED61_Br,RGR_3_SED61_Br,RGR_3_SED61_F,RGR_3_SED61_C,YEG_0_SED22_Br,YEG_3_SED22_Br,YEG_3_SED22_F,YEG_3_SED22_C,GOL_SED47_Br,GOL_NOAA_C,GOL_SED47_F,DWG_NOAA_Cf,SWG_YMG_SMP_VID_Br,SWG_NOAA_Cf,RSN_0_SED52_Br,RSN_1_SED52_Br,RSN_1_SED52_F,RSN_1_SED52_Cr,RSN_3_SED52_Br,RSN_3_SED52_F,RSN_3_SED52_C,VSN_SED67_Br,VSN_SED67_F,VSN_SED67_C,MSN_SED15AU_Br,MSN_SED15AU_F,MSN_SED15_C,OSN_SMP_TRWL_Br,OSN_NOAA_C,CoP_NOAA_C,ST_NOAA_C,ST_SMP_TRWL_Br,OcP_NOAA_C,OcP_SMP_TRWL_Br,BeP_NOAA_C,BeP_SMP_TRWL_Br,ReP_NOAA_C,ReP_SMP_TRWL_Br,RIF_NOAA_C,RIF_SMP_TRWL_Br,DCIF_NOAA_C,DCIF_SMP_TRWL_Br,RD_DISL_Br,RD_SED49_Cf,BCIF_NOAA_C,BCIF_SMP_TRWL_Br,TLF_SED22_Br,TLF_SED22_F,TLF_SED22_C,GTR_SED43_Br,GTR_SED43_F,GTR_SED43_C,CoOm_NOAA_C,CoOm_SMP_TRWL_Br,ReOm_NOAA_C,SRF_NOAA_C,SHS_NOAA_C,SHS_SMP_TRWL_Br,MEN_0_SED63_Br,MEN_1_SED63_Br,MEN_1_SED63_F,MEN_1_SED63_Cr,MEN_2_SED63_Br,MEN_2_SED63_F,MEN_2_SED63_C,MEN_3_SED63_Br,MEN_3_SED63_F,MEN_3_SED63_Cr,MEN_4_SED63_Br,MEN_4_SED63_F,MEN_4_SED63_Cr,ASK_SMP_TRWL_Br,MUL_NOAA_Cf,BUT_SMP_TRWL_Br,CEP_SMP_TRWL_Br,PSHR_SEFSC_2018_Br,PSHR_SEFSC_2018_F,PSHR_SEFSC_2018_C,BSHR_SEFSC_2018_Br,BSHR_SEFSC_2018_F,BSHR_SEFSC_2018_C,WSHR_SEFSC_2018_Br,WSHR_SEFSC_2018_F,WSHR_SEFSC_2018_C,CRB_SMP_TRWL_Br,CRB_GDAR_F,CRB_NOAA_C,MEP_SMP_TRWL_Br,MEP_NOAA_C,Comm_Dredge_Dig_E,Comm_Handline_E,Comm_Longline_Fish_E,Comm_Longline_Pelagic_E,Comm_Longline_Shark_E,Comm_Nets_E,Comm_Other_E,Comm_Pots_Traps_E,Comm_Purse_Menhaden_E,Comm_Purse_Other_E,Comm_Trawl_Bottom_Other_E,Comm_Trawl_Bottom_Shrimp_E,Rec_Headboat_E,Rec_Shore_E,Rec_Charterboat_E,Rec_Private_E
Weight,1,0.5,1,1,0.5,1,1,0.5,0.5,1,0.5,1,0.5,0.5,1,0.5,0.5,1,0.5,1,1,1,1,1,1,1,1,3.780804,1,1,9.041582,1,1,0.5507761,1,10.68338,1,7.849558,7.877365,1,2.91,12.2896,15.03008,1,17.73258,5.112123,10.77956,1,5.71,1,2.614893,15.31569,22.11895,1,7.413274,4.539572,7.229329,1,4.981294,7.793356,20.71111,1,27.13943,13.16751,1,1,1,1,1,15.86679,14.57079,1,20,13.27479,1,19.99999,21.1723,1,10.23861,13.16751,1,1,0.6932759,1,1,1,5.565316,1,3.271817,1,14.35518,1,3.052946,1,9.223392,1,5.064911,1,1,1,11.36967,3.635466,1,3.212409,5.744619,1,10.67698,1,10.38573,1,1,1,3.028041,1,13.16751,1,5.496166,13.16751,1,5.496166,13.16751,1,5.496166,13.16751,1,5.496166,2.740988,1,1.423256,4.988521,13.16751,1,0.9711504,13.16751,1,10.62443,13.16751,1,7.981335,0.5516898,1,1,0.6295805,1,1,1,1,1,1,1,1,1,1,1,1,1,1,1,1,1
Pool code,6,6,6,7,7,7,8,8,8,9,9,10,10,10,11,11,11,12,12,13,13,13,14,14,14,15,15,16,16,16,17,17,17,18,18,19,19,19,20,20,20,21,22,22,22,23,24,24,24,25,25,26,27,27,27,28,29,29,29,30,31,31,31,32,32,32,33,34,34,35,36,36,36,37,37,37,38,38,38,39,39,39,40,40,41,42,42,43,43,44,44,45,45,46,46,47,47,48,48,49,49,50,50,50,51,51,51,52,52,53,54,57,57,58,59,59,59,60,60,60,61,61,61,62,62,62,63,64,65,66,67,67,67,68,68,68,69,69,69,70,70,70,72,72,1,2,3,4,5,6,7,8,9,10,11,12,13,14,15,16
Pool code 2,0,0,0,0,0,0,0,0,0,0,0,0,0,0,0,0,0,0,0,0,0,0,0,0,0,0,0,0,0,0,0,0,0,0,0,0,0,0,0,0,0,0,0,0,0,0,0,0,0,0,0,0,0,0,0,0,0,0,0,0,0,0,0,0,0,0,0,0,0,0,0,0,0,0,0,0,0,0,0,0,0,0,0,0,0,0,0,0,0,0,0,0,0,0,0,0,0,0,0,0,0,0,0,0,0,0,0,0,0,0,0,0,0,0,0,0,0,0,0,0,0,0,0,0,0,0,0,0,0,0,0,0,0,0,0,0,0,0,0,0,0,0,0,0,0,0,0,0,0,0,0,0,0,0,0,0,0,0,0,0
Type,BiomassRel,Catches,FishingMortality,BiomassRel,CatchesRel,FishingMortality,BiomassRel,Catches,FishingMortality,BiomassRel,Catches,BiomassRel,Catches,FishingMortality,BiomassRel,Catches,FishingMortality,BiomassRel,Catches,BiomassRel,Catches,FishingMortality,BiomassRel,Catches,FishingMortality,BiomassRel,Catches,BiomassRel,Catches,FishingMortality,BiomassRel,CatchesRel,FishingMortality,BiomassRel,Catches,BiomassRel,FishingMortality,Catches,BiomassRel,FishingMortality,Catches,BiomassRel,BiomassRel,FishingMortality,Catches,BiomassRel,BiomassRel,FishingMortality,Catches,Catches,BiomassRel,BiomassRel,BiomassRel,FishingMortality,Catches,BiomassRel,BiomassRel,FishingMortality,Catches,BiomassRel,BiomassRel,FishingMortality,Catches,BiomassRel,Catches,FishingMortality,CatchesForcing,BiomassRel,CatchesForcing,BiomassRel,BiomassRel,FishingMortality,CatchesRel,BiomassRel,FishingMortality,Catches,BiomassRel,FishingMortality,Catches,BiomassRel,FishingMortality,Catches,BiomassRel,Catches,Catches,Catches,BiomassRel,Catches,BiomassRel,Catches,BiomassRel,Catches,BiomassRel,Catches,BiomassRel,Catches,BiomassRel,BiomassRel,CatchesForcing,Catches,BiomassRel,BiomassRel,FishingMortality,Catches,BiomassRel,FishingMortality,Catches,Catches,BiomassRel,Catches,Catches,Catches,BiomassRel,BiomassRel,BiomassRel,FishingMortality,CatchesRel,BiomassRel,FishingMortality,Catches,BiomassRel,FishingMortality,CatchesRel,BiomassRel,FishingMortality,CatchesRel,BiomassRel,CatchesForcing,BiomassRel,BiomassRel,BiomassRel,FishingMortality,Catches,BiomassRel,FishingMortality,Catches,BiomassRel,FishingMortality,Catches,BiomassRel,FishingMortality,Catches,BiomassRel,Catches,FishingEffort,FishingEffort,FishingEffort,FishingEffort,FishingEffort,FishingEffort,FishingEffort,FishingEffort,FishingEffort,FishingEffort,FishingEffort,FishingEffort,FishingEffort,FishingEffort,FishingEffort,FishingEffort
1980,0,0,0.008,1.661,0.000162478,0.018,1.898215,1.18E-05,0.054,1.044402,0.000259965,1.41,0,0.019,1.337207,0.0002079,0.209,1.493524,1.18E-05,0,0,0.194,0,1.48E-05,0.161,0,0.001526056,0,0,0.314,0,0.002780645,0.079,0,0.009873187,2.130339,0.1581725,0.004603499,1.116987,0.244325,0.002708187,0.3692757,1.143256,0.04823697,0.006758745,1.05016,1.144189,0.1307223,0.008223603,0.000339305,0,0.6761281,0.8312649,0.2351961,0.004262261,0,0,0.2289277,0,1.004183,1.960697,0.02638234,0.001274761,0.7441737,0.000296121,0.212,0.000175643,0,0,1.448084,0.6406488,0.4821796,0.004581201,0.6111042,0.2516106,0.01063719,1.553695,0.01245046,0.000918788,0,0.141377,0,0,0.001033108,0.01703681,0.02151427,0,0.000368014,0,2.42E-07,0,9.94E-07,0,0.003186758,0,0.03826261,0,0,0.004006633,7.45E-05,0,1.887671,0.005826001,4.09E-05,1.604461,0.03720255,0.002035232,0.000109526,0,3.78E-06,0.000321754,0.007586128,0,0,0.7653532,0.2487528,0.758881,1.224817,0.6264164,1.254412,1.407899,0.4998318,0.2157176,0.9646551,0.4368842,0.03170095,0,0.04297783,0,0,0,0.1657744,0,0,1.975965,0,0,0.08229754,0,0,0.8192185,0.06284988,0,0.03434955,1,1,1,1,1,1,1,1,1,1,1,1,1,1,1,1
1981,1.062361,0.000794463,0.008,1.661,0.000194801,0.021,1.889193,3.69E-05,0.247,1.05037,0.000521736,1.4,0,0.03,1.332158,0.004802549,0.258,1.462335,3.80E-05,0,0,0.244,0,3.80E-05,0.169,0,0.000554186,0,0.000661356,0.36,0,0.0019,0.069,0,0.01489084,1.92341,0.1018752,0.002677003,1.075492,0.2127137,0.002270204,0.4741083,1.095918,0.04521432,0.006072903,1.05253,1.159661,0.1623064,0.0103486,0.000290835,0,0.6577063,0.8446904,0.2229965,0.004106445,0,0,0.2280972,0,1.019925,1.906818,0.08500535,0.003994483,0.7971398,0.000268371,0.702,0.001146984,0,0.001675636,1.798631,1.032513,0.4332055,0.006633459,0.4989289,0.260967,0.009007556,1.531275,0.01362849,0.000991209,1.097655,0.1338496,0.002061716,0,0.002006075,0.01856927,0.03882315,0,0.000290293,0,0.001506866,0,0.004843412,0,0.01210297,0,0.05287946,0,0,0.01354008,0.000110437,0,1.864405,0.05226895,0.000362161,1.540872,0.07775563,0.004085172,0.002525527,0,8.33E-05,0.000317129,0.008132322,0,0,1.452931,0.1798301,1.04148,0.7209361,0.4888152,0.5761655,1.129841,0.3859917,0.1336859,1.241848,0.3376495,0.03154049,0,0.04963896,0,0,0,0.1657115,0,0,2.035597,0,0,0.07483757,0,0,0.8401203,0.06217127,0,0.02882903,1.096824,1.028938,1.175436,1,0.9902912,1.108907,1.052288,0.9844039,0.9926705,1.56,0.8159204,1.551355,0.9956549,1.227016,1,1
1982,1.062361,0.000968047,0.008,1.643516,0.000216795,0.024,1.845459,0.000120672,0.209,1.032466,0.000989023,1.39,1.13E-05,0.034,1.320058,0.000253096,0.247,1.422838,0.000122537,0,0.000311945,0.268,0,4.68E-05,0.052,0,0.000406623,0,1.61E-05,0.377,0,0.002148387,0.086,9.47E-05,0.01781681,2.027331,0.2460427,0.006814645,1.07783,0.3362387,0.003596338,1.174227,1.03925,0.05656645,0.007204794,1.038482,1.076175,0.2206905,0.01305814,0.000519447,0.005592559,1.0542,0.8340997,0.2817556,0.005123432,0,0,0.2262094,0,0.9803625,1.74394,0.1541068,0.006623056,0.5084746,0.001894643,0.498,0.001543733,0,0.001950652,1.015167,1.575028,0.3735514,0.008725475,0.3962496,0.2121462,0.005815498,1.514155,0.02261631,0.001626509,1.118804,0.1355065,0.002127452,0.009341946,0.002594512,0.02442439,0.04486984,0.01384767,0.000448955,0.0001,0.00192865,0.07570208,0.000618381,0,0.01212609,0.06609562,0.05663475,0.04308185,0,0.01645816,0.002371735,0.09955232,1.783359,0.06668099,0.000441935,1.399028,0.08450159,0.00403091,0.001730994,0.04026079,0.000136935,0.000236567,0.01207451,0.002356801,0,1.409551,0.215976,1.213473,1.494719,0.5639177,1.378101,0.9156901,0.4477832,0.1256917,1.408257,0.3915394,0.04147545,0.002855219,0.04147091,0.0001,0.007268826,0,0.166538,0,0,1.958179,0,0,0.07843728,0,0.01864772,0.8187047,0.05412621,0.02543115,0.02690053,1.183062,1.028912,1.175257,1,0.9791955,1.202467,1.27451,1.009709,1.041746,1.733333,0.6766169,1.574366,1.012794,1.505568,1.000734,0.700496
1983,1.058352,0.000476618,0.005,1.626032,0.000257485,0.029,1.805775,0.000530447,0.385,1.02053,0.000463524,1.39,0,0.038,1.311972,0.002345769,0.239,1.380285,0.000189706,0,0.000224099,0.293,0,0.000120061,0.083,0,0.000483105,0,1.29E-05,0.422,0,0.001296774,0.101,0.003798802,0.01788552,1.8372,0.1621667,0.0040703,0.8952181,0.2902621,0.002578586,0.3448741,0.9735228,0.06011656,0.0071727,1.018948,0.98334,0.163911,0.008861899,0.000593641,0.005864298,1.130201,0.8444895,0.3100885,0.005708873,0,0,0.2324766,0,0.9729145,1.475423,0.1398831,0.005086125,0.407839,0.000255388,0.232,0.000510872,0,0.003963266,0.4676463,1.442853,0.4100263,0.008773727,0.4188258,0.3065732,0.008882811,1.489452,0.01687213,0.001193605,1.085702,0.1547749,0.002358071,0.006365864,0.003135172,0.02765797,0.04779884,0.05244337,0.000494819,0.007079257,0.005153651,0.07863827,0.000811035,0.001071391,0.01431809,0.04715599,0.05927293,0.2789989,0,0.02164925,0.002750625,0.1705617,1.687942,0.05436506,0.000341032,1.281703,0.06017529,0.002629769,0.001812087,0.04188846,4.63E-05,3.82E-05,0.009515841,0.01016339,0,1.031827,0.277216,1.140168,1.385629,0.6766679,1.532951,1.609718,0.5421259,0.2675101,1.057122,0.4736935,0.03766661,0.003369599,0.04118083,0.006560762,0.02686076,0,0.1650738,0,0,1.934118,0,0,0.09361777,0,0.03936823,0.7988306,0.05932061,0.05702893,0.02512046,1.227214,1.029072,1.176242,1,0.8307906,1.285581,1.326797,1.071239,1.044933,1.786667,0.6119403,1.387829,0.9915512,1.847356,0.9752251,0.881149
1984,1.058352,0.000635702,0.006,1.608548,0.000227728,0.036,1.739182,0.000126294,0.271,1.02053,0.0004892,1.38,0.000107,0.04,1.24512,0.000291261,0.242,1.349727,0.000192475,0,0.001256353,0.205,0,0.00025697,0.082,0,0.000335879,0,4.84E-05,0.435,0,0.001277419,0.095,0.004119194,0.01782576,1.824007,0.1464292,0.003648905,0.6936877,0.3157102,0.002173276,0.5211868,0.9207503,0.06825242,0.007701978,1.010718,0.947458,0.1391259,0.007247409,0.000568387,0.001570112,0.7946351,0.8753355,0.1938038,0.003698344,0,0,0.2256056,0,0.9218862,1.279362,0.128645,0.00405594,0.4449153,0.000215572,0.399,0.000191169,0,0.001079594,0.3408294,0.789368,0.2137096,0.002501808,0.4801765,0.293768,0.009758614,1.476776,0.03765317,0.002641074,1.059496,0.1598509,0.002376623,0.01144728,0.006547467,0.02646251,0.04452527,0.05045403,0.000515807,0.01185764,0.001105963,0.06690352,0.000248649,0.001524973,0.01389354,0.04128068,0.04773461,0.2971256,0,0.02320423,0.000599576,0.1426817,1.615436,0.07360706,0.000441903,1.237626,0.02949222,0.00124454,0.002329727,0.02943121,7.28E-05,4.06E-05,0.01059993,0.02210388,0,1.168599,0.3581074,1.668103,0.9354872,0.8011689,1.225371,1.112609,0.6487833,0.2212751,1.252388,0.5663421,0.05335213,0.01152094,0.04217377,0.06521497,0.02237499,0.489122,0.1655228,0.007202926,0.6471918,2.214495,0.1199992,1.715916,0.05245766,0.08198453,0.04567793,0.9028255,0.08258679,0.03206399,0.02641499,1.228376,1.028831,1.17481,1,1.191401,1.197956,1.43573,1.181268,1.029159,1.88,0.5323383,1.723566,0.9826197,2.266735,1.02404,0.9668158
1985,1.054343,0.000842967,0.007,1.591064,0.000204964,0.044,1.68566,5.28E-05,0.225,1.008594,0.001444907,1.37,0,0.087,1.246504,0.000283,0.275,1.324848,0.000102694,0,0.004757096,0.273,0,0.000217761,0.104,0,0.000368958,0,0.000165484,0.42,0,0.002051613,0.111,0.001125022,0.0130952,1.8072,0.2203511,0.005440387,0.7845094,0.3448646,0.002684783,0.7761942,0.8583815,0.05773815,0.006074152,1.413067,0.9515839,0.1070402,0.005600268,0.001835053,0.007296431,0.7773591,0.9708268,0.3066895,0.006490993,0,0,0.2205461,0,0.9633586,1.131705,0.1082009,0.00301765,0.4210805,0.000424083,0.931,0.002049237,0,0.002315209,0.4822215,0.4127596,0.09879378,0.000604752,0.5471501,0.3296447,0.01247772,1.431696,0.04774125,0.003246452,0.9728329,0.05041493,0.000688245,0.01815098,0.00320442,0.02398369,0.04219216,0.06191863,0.000464246,0.01802484,0.002786907,0.06660863,0.000833142,0.001333942,0.01533485,0.05807737,0.05260584,0.1735403,0,0.02186772,0.000575171,0.1095887,1.527605,0.07180478,0.000407645,1.269492,0.02557471,0.001107013,0.000930393,0.04510026,0.000213226,0.000430088,0.01124266,0.009178053,0,1.698343,0.2593546,1.755752,0.9441912,0.6455566,0.9965522,0.4944988,0.5158929,0.07820152,0.6495137,0.4508663,0.02202774,0.007708756,0.03752385,0.01096607,0.01455578,1.131092,0.1690176,0.02297161,0.8758239,1.725925,0.1265637,1.060578,0.08923643,0.08620092,0.04406614,0.754458,0.0827556,0.03881897,0.02545024,1.126646,1.028834,1.17472,1,1.364771,1.086143,1.331155,1.299265,0.8932441,1.773333,0.5124378,1.671081,1.064211,2.781319,1.002938,1.070892
1986,1.050334,0.003545113,0.014,1.573579,0.000194702,0.056,1.638427,0.000259526,0.316,1.008594,0.001491802,1.34,1.87E-06,0.12,1.243496,0.004717882,0.327,1.265153,5.78E-05,0,0.01131497,0.233,0,0.000371122,0.101,0,0.003312015,0,0.000313548,0.511,0,0.001441935,0.148,0.000857582,0.01868531,1.681414,0.370114,0.008501945,0.6607745,0.4153614,0.002723591,0.6972241,0.809981,0.06570753,0.006522774,0.8823161,1.057235,0.3093202,0.0179802,0.000644236,0.004973534,0.7674416,0.9364704,0.2911617,0.005944274,0.9372267,1.04574,0.2512781,0.01614768,1.063845,1.031337,0.08164944,0.002075195,0.2304025,0.000214396,0.721,0.001256005,0,0.01019683,0.565672,0.3940476,0.08161381,0.000476939,0.5312585,0.3290479,0.01209338,1.380846,0.06116487,0.004011545,1.009843,0.1090574,0.001545448,0.005310658,0.002712909,0.02620592,0.05317093,0.03469251,0.000439728,0.003598747,0.004678195,0.04867931,0.000731925,0.004594307,0.01255089,0.04233054,0.05736824,0.05083822,0,0.03580987,0.000460279,0.06176939,1.447429,0.09048043,0.00048671,1.359688,0.05083983,0.002356977,0.001426401,0.04054254,9.91E-05,0.000464576,0.01603145,0.006124864,0,1.042877,0.2368531,0.9845916,1.577367,0.6043167,1.558487,0.8275065,0.4813594,0.1221044,0.4613978,0.4207961,0.01460431,0.004167934,0.04544302,0.009995525,0.01098561,0.8815374,0.1606809,0.01702028,0.9256318,1.861934,0.1443023,0.8166113,0.1391592,0.1035033,0.0290653,0.7392082,0.07773136,0.01782394,0.04037815,1.026982,1.029551,1.179196,1,1.61165,0.9195709,1.557734,1.419749,0.9663799,2.186667,0.5024875,2.128691,0.9278234,3.412723,0.8990887,1.048534
1987,1.042316,0.002906375,0.008,1.538611,0.000359735,0.069,1.574626,9.95E-05,0.228,1.002626,0.000680371,1.31,5.79E-05,0.124,1.228804,0.002271949,0.457,1.205515,6.71E-05,0,0.01346416,0.215,0,0.000584514,0.12,0,0.000952399,0,0.000651935,0.497,0,0.002241935,0.174,0.002518888,0.01722098,1.452556,0.5207778,0.0103346,0.7648094,0.3313685,0.002514935,0.3467671,0.7662758,0.05480389,0.005146819,0.6957181,0.8644825,0.1722024,0.008184841,0.000509964,0.004591059,0.8712888,0.8580749,0.2305524,0.004312859,0.9369617,0.9666983,0.2049927,0.01217759,1.181116,0.9742132,0.07317282,0.001756746,0.1641949,0.000221304,1.197,0.00066464,0,0.005996638,0.3558873,0.4838725,0.06583643,0.000472441,0.4826693,0.3100753,0.0103538,1.31556,0.06804819,0.004251984,1.002027,0.1700608,0.002391274,0.006639356,0.002962571,0.02729809,0.04585209,0.01493468,0.000477982,0.000598322,0.001037149,0.04607111,0.000945324,0.003011535,0.01700604,0.0419629,0.05681064,0.02913843,0,0.020459,0.000569805,0.05343241,1.361264,0.1554192,0.000786258,1.453039,0.03088054,0.001529939,0.001330404,0.02799973,4.35E-05,0.000401245,0.01533102,0.008103848,0,1.206758,0.303594,1.460351,0.9978543,0.720116,1.174831,1.540104,0.5790328,0.2733653,0.7503794,0.505784,0.02854828,0.005718221,0.03855072,0.01641392,0.01071507,0.7387241,0.1668699,0.01481227,0.6499388,2.474613,0.1346636,0.539946,0.1590099,0.07819907,0.01434487,1.214811,0.1149866,0.01353789,0.03313259,1.037568,1.028108,1.170513,1,1.169209,0.7527642,1.716776,1.576012,0.9627151,2.626667,0.5671642,2.069146,0.9558252,2.270583,1.170902,1.097929
1988,1.034298,0.005844324,0.012,1.503643,0.00025773,0.084,1.504868,0.000219505,0.355,0.9966579,0.001359129,1.29,0.000204,0.112,1.148201,0.004264237,0.342,1.06068,9.18E-05,0,0.02521636,0.182,0,0.000443163,0.152,0,0.000718199,0,0.000396774,0.485,0,0.003335484,0.181,0.002312931,0.01899643,1.133555,0.4614036,0.007145487,0.7357327,0.4020522,0.002935384,0.810079,0.7390035,0.06797375,0.006156446,0.8090547,0.7565578,0.162179,0.006746081,0.000693059,0.00287524,0.4984702,0.9500735,0.2507207,0.005192996,0.9331655,0.9638968,0.2053675,0.0121645,0.9878032,0.9373545,0.104315,0.00240966,0.08474576,0.000209434,1.378,0.000800428,0,0.006178196,0.5500139,0.4402385,0.1445153,0.000943523,0.4566334,0.3662532,0.01156996,1.261494,0.08448121,0.005061858,0.9326047,0.1483086,0.001940929,0.00839013,0.002008929,0.02137084,0.04030817,0.01104051,0.000338001,0.002770063,0.001844839,0.04192515,0.000550253,0.00111155,0.02114203,0.03786065,0.050547,0,0,0.01236981,0.000681737,0.05851809,1.223336,0.3058022,0.001390287,1.54351,0.0853305,0.00449082,0.001559147,0.02849302,6.08E-05,0.000741945,0.01429594,0.009212461,0,0.6771353,0.2785113,0.7517303,1.054909,0.6788703,1.170867,0.7019353,0.5439887,0.1170516,1.037248,0.4753136,0.03708487,0.003805231,0.0414432,0.006775036,0.00995873,0.8585629,0.1263726,0.01303727,0.5319145,2.667377,0.1187947,0.5183755,0.1399783,0.06608946,0.01341049,1.404881,0.1161134,0.02026188,0.03260551,1.025432,1.028842,1.174451,1,1.183079,0.5660772,2.2,1.689279,0.9466221,2,0.5646766,1.993575,1.308983,2.795635,0.9401397,1.378738
1989,1.026281,0.005747717,0.011,1.45119,0.000140238,0.097,1.404212,5.19E-05,0.328,0.9906899,0.000228967,1.26,9.97E-05,0.083,1.114599,0.002365866,0.455,1.045492,0.000426288,0,0.01848837,0.217,0,0.000202301,0.16,0,0.000466916,0,0.000445161,0.463,0,0.003383871,0.17,0.00185114,0.01990721,1.017785,0.635386,0.008834903,0.6728972,0.4202396,0.002806132,1.136947,0.6984383,0.08164153,0.006988461,1.31261,0.7435573,0.1713199,0.007003856,0.00124719,0.004472009,0.4974692,0.8797615,0.2427692,0.004656171,0.9326012,0.9523944,0.3590363,0.02101296,0.8596797,0.876095,0.05228569,0.001128858,0.04237288,0.000140233,1.555,0.000536515,0,0.005361352,1.263885,0.4035989,0.1008363,0.000603556,0.4115372,0.3342668,0.009516675,1.202977,0.06527508,0.003729661,0.8857101,0.140639,0.001748006,0.007214827,0.002983376,0.02004343,0.03777272,0.0361393,0.000311517,0.008657662,0.001189689,0.06392202,0.000279269,0.003727365,0.02650985,0.05777178,0.04032246,0.02007252,0,0.01666538,0.000393133,0.08400741,0.9752141,0.1835397,0.000665194,1.506497,0.1022959,0.005254586,0.001443625,0.0406274,0.000105589,0.000751443,0.02197628,0.005462878,0,0.7517833,0.3257478,0.9761533,0.6128286,0.7544217,0.7558907,0.841639,0.6084074,0.1569678,0.6186657,0.5313025,0.02472474,0.006472515,0.04350912,0.01005172,0.02015799,0.7638624,0.1354637,0.01243368,0.4410326,3.737526,0.1380148,0.4869989,0.1206471,0.05351457,0.01851424,0.9627574,0.08151156,0.02032838,0.03663094,1.160728,1.031703,1.192622,1,1.099861,0.449373,2.3,1.783491,0.8847992,2.313333,1,1.921067,1.439798,2.105383,0.886309,1.122771
1990,1.018263,0.003180572,0.011,1.398737,0.000205897,0.107,1.297777,1.69E-05,0.406,0.9906899,0.000231572,1.24,3.36E-05,0.102,1.11697,0.001883015,0.459,0.9746894,0.000135727,0,0.01165658,0.271,0,0.000320605,0.168,0,0.000629724,0,0.000287097,0.528,0,0.001632258,0.162,0.002293129,0.02378995,0.7857652,0.2515238,0.002700102,0.8556688,0.2430943,0.002064158,1.332479,0.6658557,0.06474783,0.005283816,1.293615,0.8219545,0.1552937,0.00701805,0.001463805,0.004357198,0.6238515,0.8390553,0.2530937,0.004629589,0.9325192,0.7843329,0.2007842,0.009677472,0.85467,0.8685724,0.05993195,0.001282831,0.02383475,1.47E-05,0.173,0.000990895,0,0.003001403,0.9168034,0.8053236,0.06372925,0.000761132,0.3657891,0.2501996,0.006331405,1.1751,0.09185533,0.005126768,0.8716877,0.106466,0.001302319,0.01014511,0.002518692,0.02103439,0.02410182,0.03092591,0.000285873,0.01374454,0.001465,0.06134167,0.001227933,0.003066896,0.02071371,0.04497445,0.02683338,0.01733281,0,0.0119021,0.0003942,0.0626943,0.8780461,0.1613231,0.000526419,1.416235,0.1582089,0.007639734,0.001357654,0.03930776,1.89E-05,0.000655207,0.01288379,0.008763498,0,0.8271658,0.2840294,0.9364826,0.6368478,0.6881706,0.7165352,0.3846198,0.5518653,0.06506613,0.5354926,0.4821646,0.0194215,0.004036805,0.04540118,0.02079461,0.0121697,0.7096535,0.1252771,0.01068266,0.5454645,3.311721,0.1512484,0.643903,0.1103912,0.06474138,0.007637447,0.834566,0.0854757,0.01492077,0.02757344,1.176736,1.023777,1.144467,1.089655,0.9514563,0.3422292,2.4,1.857629,0.8972275,2.156667,0.8930348,1.804927,2.154055,1.871586,0.6990444,0.929895
1991,1.010245,0.003446641,0.012,1.346285,0.000159756,0.116,1.202723,0.001255403,0.377,0.9847219,0.000347271,1.21,0.000111781,0.106,1.111529,0.001284131,0.524,0.9274691,4.60E-05,0,0.008317005,0.27,0,0.000383474,0.17,0,0.001123117,0,0.00033871,0.52,0,0.002348387,0.161,0.001556148,0.02785372,1.005643,0.5789555,0.007954215,1.09643,0.2374256,0.002583277,0.989727,0.6886628,0.09198213,0.00776341,1.455558,0.891467,0.1733325,0.008495721,0.000756582,0.008327172,0.969631,0.756223,0.276567,0.004559537,0.9323931,0.7851393,0.2162857,0.01043534,0.8974397,0.8554266,0.05386676,0.001135556,0.06620762,1.17E-06,0.212,0.000607222,0,0.002694264,1.171549,1.076184,0.1043943,0.001666148,0.3807907,0.2299768,0.006058334,1.137196,0.09575103,0.005171819,0.8942155,0.151092,0.001895961,0.01117644,0.003724972,0.01918695,0.03694867,0.03419382,0.000310959,0.01333177,0.001916036,0.06269339,0.000602413,0.003587383,0.02369804,0.05818835,0.03050654,0.05490306,0,0.0156167,0.000324194,0.05203037,0.8173382,0.1031931,0.000313452,1.252073,0.1306334,0.005576939,0.001682826,0.04608898,4.44E-05,0.001085924,0.01626793,0.002923182,0,0.6500226,0.3059427,0.7927064,0.7429774,0.7238457,0.8792803,0.4943581,0.5822163,0.08823,0.3267957,0.5085505,0.01250099,0.004873566,0.04346319,0.009349376,0.01250091,0.6976451,0.1129264,0.009466546,0.6663283,2.297025,0.1281518,0.6367451,0.1155424,0.06700911,0.003886017,1.012864,0.09643071,0.01502475,0.02886986,1.2307,1.031045,1.186265,1.251724,1.094314,0.2991918,2.5,1.984305,0.7525494,2.235,2.032338,2.113805,1.894724,2.834299,0.8033493,1.170935
1992,1.002227,0.003699031,0.009,1.293832,0.000136814,0.124,1.125457,0.001010264,0.382,0.9847219,0.000570051,1.19,0.000209,0.151,1.103959,0.003183848,0.399,0.8590594,0.000185185,0,0.01366221,0.287,0,0.000251477,0.14,0,0.001177123,0,0.000216129,0.619,0,0.002235484,0.173,0.000626606,0.0220013,0.7779209,0.489951,0.005207105,1.161196,0.2839028,0.003271429,1.06186,0.7135271,0.1031048,0.009016368,0.5891278,0.9746751,0.196384,0.010524,0.000728958,0.005641511,0.5509484,0.8490596,0.2507996,0.004642325,0.9308811,0.7774982,0.210585,0.01006141,0.9175916,0.8497959,0.07301161,0.001529015,0.1747881,0,0.073,0.000496234,0,0.002187164,0.7997754,0.9764446,0.08788744,0.001272697,0.500675,0.2967767,0.01027942,1.102604,0.1244011,0.006514906,0.8753657,0.2071363,0.002544435,0.00767825,0.002810722,0.01745483,0.02879095,0.03227153,0.000250127,0.007314276,0.001486048,0.05950478,0.000684871,0.00228925,0.02437351,0.05393945,0.0260767,0.05466071,0,0.02473249,0.000649175,0.05236729,0.8028047,0.104099,0.000310581,1.147015,0.1211555,0.004738316,0.001750488,0.04006952,4.10E-05,0.00091065,0.01623791,0.002454861,0,0.4131987,0.3380462,0.5567738,0.5663581,0.7726451,0.7154461,0.5164278,0.6240982,0.09879906,0.3394957,0.544925,0.0139157,0.002054583,0.04138933,0.009024847,0.007648484,0.8341314,0.08698976,0.00871895,0.6086646,1.98254,0.1010347,0.5972042,0.1290283,0.07018347,0.002060586,1.207837,0.1022047,0.01518376,0.05186118,1.084689,1.040287,1.247135,1.437931,1.256588,0.2545497,2.4,2.116001,0.6500956,2.493333,1.664179,2.258765,2.139845,2.71074,0.796203,1.208041
1993,0.9942093,0.002839347,0.009,1.241379,0.000132636,0.135,1.04827,0.000862691,0.341,0.9787539,0.000337029,1.16,0.000108505,0.201,1.071095,0.003432696,0.346,0.8264202,0.000222392,1.13,0.01009682,0.31,0.48,0.000144405,0.144,0.15,0.002084173,1.5,0.000448387,0.615,0.76,0.001954839,0.196,0.001735174,0.01974787,0.7363341,0.5559444,0.005592611,1.076387,0.2933792,0.003133719,1.377296,0.7331465,0.09623436,0.008646957,0.7787048,0.8323188,0.1716659,0.007855769,0.000560984,0.007731273,0.6539646,0.8418801,0.3341354,0.006132579,0.9316288,0.7743462,0.2250367,0.0107083,1.176646,0.8277364,0.0557581,0.001137379,0.3045551,0,0.089,0.000446204,0.1089744,0.001860741,0.9246927,0.9399646,0.1428141,0.001990826,0.5495052,0.3433111,0.01305096,1.036326,0.1275453,0.006278058,0.8289309,0.165051,0.001919916,0.009293714,0.002964875,0.0188997,0.03002285,0.04199801,0.000334755,0.01549298,0.001231788,0.05423135,0.000815316,0.003435703,0.02564499,0.05273402,0.02776871,0.1280394,0,0.02547796,0.000444482,0.05631501,0.7994691,0.1401016,0.000416258,1.054392,0.125209,0.004501424,0.001924343,0.0460375,3.30E-05,0.001329815,0.01758517,0.006077486,0,0.9505814,0.3339513,1.265366,0.3438584,0.7666408,0.431,0.3332433,0.6189219,0.06322481,0.3066031,0.5404317,0.01246382,0.003382263,0.04728845,0.01677846,0.008648145,0.8347982,0.1360604,0.01364818,0.5176479,2.300533,0.0997088,0.5723101,0.1096478,0.05715553,0.007517206,1.209582,0.09594246,0.02338333,0.05395411,0.938678,1,1,1.434483,1.255201,0.2891206,2.3,2.195857,0.7253028,1.333333,1.895522,2.145968,2.241195,2.506406,1.350039,1.165362
1994,0.9861915,0.002104642,0.008,1.171442,0.000196607,0.151,0.9876519,0.00164737,0.43,0.9787539,0.000491101,1.12,6.11E-05,0.2,1.034245,0.003764593,0.408,0.8094833,0.000320377,1.56,0.006860541,0.348,0.28,0.000123925,0.124,0.29,0.001427262,0.99,0.000280645,0.521,1.98,0.001474194,0.192,0.001156823,0.01920058,0.6110881,0.5223498,0.004360874,1.21453,0.2652202,0.003196519,1.247941,0.7604998,0.1188707,0.01107941,0.3998512,0.7739592,0.1912143,0.008136793,0.000573092,0.00386766,1.007491,0.7702389,0.3044506,0.005112257,0.9254124,0.7693736,0.2015714,0.009530118,1.266696,0.825466,0.07718657,0.001570168,0.4051907,3.66E-07,0.094,0.000366571,1.089744,0.001699705,0.9345176,0.7797294,0.0570648,0.000659877,0.5886624,0.309337,0.0125974,0.9717625,0.1259284,0.005812303,0.813989,0.1181867,0.001349997,0.01121942,0.002769202,0.02290355,0.03703137,0.03558594,0.000472398,0.01017039,0.001247388,0.05690519,0.000543709,0.001990689,0.02286565,0.06358818,0.0345216,0.060295,0,0.02360507,0.000477603,0.05067543,0.7732809,0.1977381,0.000568258,0.9514456,0.1251064,0.004058593,0.002261132,0.04306335,6.30E-05,0.001297479,0.01695586,0.005900575,0,0.8673179,0.3747573,1.295604,0.7957795,0.8237546,1.071757,0.206739,0.6684396,0.04236184,0.2105722,0.5833843,0.009240374,0.003550684,0.04350905,0.01706143,0.007060925,0.8140019,0.1471882,0.0143966,0.5370463,2.189224,0.09844021,0.4951928,0.1491236,0.06725859,0.002610461,1.233612,0.07804881,0.01899364,0.04472093,0.7034599,1.052849,1.311659,1.813793,1.586685,0.2177954,2.2,2.000422,0.7520714,1.933333,0.619403,1.824222,2.227403,2.3919,1.491606,1.209714
1995,0.9821826,0.002516338,0.007,1.11899,0.000196952,0.171,0.9018948,0.002113435,0.422,0.9787539,0.000400858,1.08,0.000142,0.276,0.9719609,0.007815477,0.349,0.7792975,0.000297973,0.83,0.005100102,0.33,0.59,8.53E-05,0.149,0.23,0.001671993,0.92,0.000262258,0.565,0.75,0.002070968,0.221,0.000778772,0.02037053,0.5688249,0.3731608,0.002899899,1.274825,0.1917149,0.002425319,1.643439,0.7731382,0.118264,0.01120603,0.8668082,0.6280036,0.1535047,0.005300278,0.000392874,0.01207752,1.425879,0.7416217,0.3635619,0.005878023,0.9557227,0.786269,0.1913171,0.00924394,1.422425,0.8070071,0.06235567,0.001240105,0.4581568,0,0.073,0.000345545,0.9807692,0.001519366,1.290034,0.8665956,0.03559739,0.000457494,0.5977627,0.2869065,0.01186457,0.8542736,0.1440842,0.005846255,0.8319193,0.1185535,0.001384016,0.01125527,0.002556256,0.01495911,0.03044934,0.04788072,0.000331341,0.01551528,0.001249593,0.06944624,0.000409904,0.003339712,0.02392837,0.05386015,0.02743983,0.04548371,0,0.03708016,0.000335658,0.0522605,0.734638,0.2538648,0.000693097,0.8588607,0.1477441,0.004326582,0.002427795,0.04255705,3.71E-05,0.001531786,0.009290482,0.003477064,0,0.6113352,0.2825,0.6884013,0.6834461,0.6856058,0.7660984,0.3841333,0.5496919,0.0647279,0.1096454,0.4802747,0.003961084,0.007823374,0.03331944,0.00805496,0.00446363,0.9615948,0.1755284,0.02028155,0.5612761,2.39723,0.1126567,0.6677269,0.1185212,0.07208117,0.000553977,1.621949,0.07965177,0.01506173,0.03936815,0.4630777,1.068013,1.429746,1.955172,1.708738,0.1479121,1.75,1.535634,0.6644359,1.306667,0.4179105,1.725023,1.880305,2.271261,1.615064,1.233636
1996,0.9741648,0.002259248,0.009,1.049053,0.000233958,0.196,0.8377784,0.001626876,0.481,0.9787539,0.000634788,1.04,0.000140128,0.352,0.9198026,0.00404085,0.338,0.7646024,0.000259121,1.43,0.006855326,0.335,0.41,7.16E-05,0.151,0.38,0.001450113,1.42,0.000281,0.465,1.43,0.002890323,0.218,0.00128142,0.01584157,0.5993296,0.4892738,0.004006139,1.436985,0.2498071,0.00356221,0.9331495,0.8025681,0.09518109,0.009362135,0.9164535,0.6562271,0.1123143,0.004052322,0.000285251,0.01133134,0.9914312,0.8834206,0.2730377,0.005258484,0.5264825,0.8086007,0.1637647,0.008137413,1.01615,0.8115747,0.03939296,0.000787866,0.4872881,0,0.016,0.000269999,1.198718,0.001482821,0.8995183,1.059832,0.02608952,0.000410066,0.630599,0.2908351,0.0126877,0.7661428,0.1018033,0.003704555,0.8450221,0.1025775,0.001216371,0.00908869,0.00232426,0.01390454,0.02886594,0.04097792,0.00028051,0.01092736,0.001443447,0.05544217,0.000774319,0.001705717,0.01831808,0.04866889,0.02638735,0.1317746,0,0.03472744,0.000334559,0.04753391,0.6849629,0.1210325,0.000308097,0.7734824,0.09044307,0.002385271,0.001928595,0.03251463,5.23E-06,0.001254774,0.01039883,0.005137972,1.470668,1.00123,0.1859564,0.7421455,0.5502669,0.7640589,0.6873945,0.5345846,0.6166978,0.10106,0.2737372,0.538501,0.01108803,0.002820869,0.02559048,0.02538338,0.008839394,1.014507,0.2286973,0.02787904,0.6928581,1.875685,0.1088115,0.6116226,0.09422272,0.05248874,0,1.700403,0.09141668,0.02212776,0.05099156,0.2535502,1.027995,1.669656,1.675862,1.464633,0.03813747,1.191721,1.035379,0.719726,0.8666667,1.206468,1.856628,1.763491,2.230285,1.592233,1.205243
1997,0.9701559,0.002116002,0.008,0.9791161,0.000193683,0.226,0.7829001,0.000879196,0.376,0.9847219,0.000719097,0.99,7.54E-05,0.273,0.8913837,0.002789129,0.354,0.7561405,0.000260414,1.12,0.007759083,0.329,0.65,5.40E-05,0.148,0.22,0.001744328,1.14,0.000293613,0.461,0.95,0.002451613,0.197,0.001193559,0.02738335,0.5127019,0.4125071,0.002889379,1.504829,0.2976591,0.004444968,1.030341,0.8589346,0.09487104,0.009987026,0.7339459,0.7228008,0.1048174,0.004165499,0.000493767,0.00911746,1.350418,0.9926003,0.2762983,0.005978926,1.706471,0.8496827,0.1752366,0.009149844,0.9320615,0.832019,0.05159358,0.001057874,0.5084746,0,0.046,0.000442214,2.070513,0.001751072,0.9772366,1.133682,0.04761871,0.000800607,0.6575243,0.3278333,0.01491241,0.7220418,0.1349257,0.004627235,0.8682396,0.07742256,0.000943306,0.008355369,0.002325248,0.01702994,0.03055095,0.04292378,0.000375958,0.01243767,0.001248351,0.03593062,0.000823497,0.001638211,0.02061543,0.04857684,0.02983405,0.1094587,0,0.03598639,0.000227512,0.05550575,0.7188828,0.1847128,0.000493484,0.7563267,0.08271454,0.002133061,0.002412172,0.04288163,1.44E-05,0.000905086,0.01238135,0.01896844,0.5902683,0.9217398,0.1809214,0.6647252,1.022234,0.7515801,1.256121,0.33389,0.6059666,0.06202152,0.3179606,0.5291827,0.01265648,0.002687381,0.02900711,0.01199796,0.00636829,0.7732808,0.196475,0.01825602,0.6275544,1.845557,0.0969727,0.5466117,0.1149572,0.05723244,0.00305934,1.428884,0.09388433,0.01554563,0.05955398,0.2052672,1.052131,1.5142,1.668965,1.460472,0.02057624,1.023965,0.7834766,0.6854684,0.7866667,1.5,2.159622,1.734236,2.434443,1.76151,1.314015
1998,0.966147,0.002871122,0.009,0.9091792,0.000141535,0.256,0.7448077,0.00102648,0.36,0.9847219,0.000429703,0.95,0.000145,0.289,0.8631274,0.00489525,0.414,0.7585643,0.000214391,1.27,0.00567147,0.351,0.39,4.30E-05,0.151,1.34,0.002206039,0.69,0.000167742,0.564,0.71,0.002041935,0.185,0.000622292,0.01450059,0.5133336,0.3348762,0.002348509,1.246858,0.2043158,0.002528026,1.350124,0.8905994,0.08589428,0.009375384,1.381941,0.7423303,0.09307093,0.003798622,0.000263656,0.02025269,1.947298,1.027808,0.3554625,0.007964829,0.4386736,0.9181971,0.138582,0.007819425,1.054017,0.8392131,0.04846469,0.001002312,0.5720339,0,0.049,0.000424149,0,0.001459662,0.64006,0.9228867,0.02721107,0.00037243,0.7114519,0.2762226,0.01359526,0.6691331,0.1019854,0.003241268,0.8795035,0.08733246,0.001077852,0.009939747,0.002423695,0.0147708,0.02578726,0.03333791,0.000291037,0.006107933,0.001161126,0.03030647,0.00049945,0.001249153,0.01629513,0.03689627,0.02692069,0.1019985,0,0.02332111,0.000209329,0.04203718,0.7134862,0.1639684,0.000434774,0.7579855,0.07967929,0.002059294,0.003028213,0.03770056,1.03E-05,0.001207643,0.01138296,0.005026554,0.8904047,0.7468391,0.1527031,0.4545887,0.9469709,0.6753854,1.045669,0.6478884,0.5410413,0.1074536,0.2220436,0.4727497,0.007895932,0.004358602,0.0259076,0.01035697,0.005685162,0.7950809,0.2581608,0.02466398,0.5136949,2.702581,0.1162398,0.6571475,0.1341402,0.08028764,0.001536481,1.499122,0.09897735,0.01533301,0.06029769,0.2166279,1.082548,1.378176,1.589655,1.38835,0.01525137,0.9433551,0.8017557,0.652167,0.8266667,2,2.181046,1.60363,2.250216,1.631967,1.152209
1999,0.9621381,0.002633325,0.004,0.8217582,0.000194219,0.28,0.7073442,0.000782818,0.351,0.9906899,0.000441527,0.91,5.91E-05,0.235,0.8416921,0.002079586,0.419,0.7695011,0.000122563,1.2,0.008022097,0.337,1.32,0.000116201,0.157,0.5,0.0016908,1.76,0.000487097,0.549,0.7,0.001871129,0.174,0.001938991,0.01347176,0.5975006,0.3052616,0.002491832,1.167863,0.2560604,0.002967542,1.185211,0.910649,0.0759178,0.008472997,0.9024552,0.892882,0.1103006,0.005414854,0.000359006,0.01558381,1.144648,1.277297,0.2791369,0.007772838,0.4336796,0.9763771,0.2034932,0.01220955,1.171734,0.8504706,0.06814295,0.001428188,0.7415254,3.66E-08,0.025,0.000650384,0,0.001252691,1.102071,0.8091981,0.02805362,0.000336662,0.7541624,0.2555675,0.01333378,0.6305677,0.1447403,0.004334965,0.8824918,0.08479162,0.001050048,0.008916594,0.002035627,0.0218424,0.03540707,0.04082809,0.00038376,0.01371337,0.001556432,0.02793336,0.000250776,0.002212563,0.0181878,0.04127399,0.03062976,0.05115055,0,0.0259837,0.000186142,0.04125216,0.7402366,0.1991426,0.000547839,0.7833343,0.07617736,0.002034628,0.002098947,0.0322305,7.28E-06,0.000887379,0.01107306,0.007572135,0.530241,1.219022,0.2035159,0.9889029,0.7941748,0.8051689,1.045464,0.7632175,0.6522573,0.1526011,0.4787838,0.569355,0.02050484,0.005091013,0.03170866,0.01580152,0.005716065,0.719896,0.1335475,0.01155226,0.6759292,2.106678,0.1192257,0.606162,0.1456487,0.08041228,0.003156387,1.816359,0.1009399,0.0121315,0.04662145,0.2397366,1.142844,1.464126,1.765517,1.542302,0.01571244,0.7559913,0.9248635,0.6604525,0.8666667,1.8,1.79387,1.026875,1.941148,1.584989,1.172847
2000,0.9581292,0.003316513,0.008,0.7518213,0.000137821,0.28,0.6685835,0.00124251,0.177,0.9906899,0.000429827,0.88,4.84E-05,0.199,0.8425043,0.007032175,0.379,0.773477,0.000311903,1.04,0.006391133,0.321,1.34,0.000105968,0.162,0.28,0.000599164,1.43,0.000316,0.638,1.16,0.002041581,0.167,0.002565531,0.01157888,0.6795227,0.323734,0.003005388,1.102978,0.2401258,0.002628259,1.257476,0.9417683,0.08724857,0.01007035,1.04257,0.9045143,0.1195184,0.005943813,0.000356091,0.007340464,1.105865,1.415863,0.3346936,0.01033092,3.544696,0.9246466,0.2031791,0.01154481,0.9358538,0.8480002,0.07679685,0.001604887,1.014301,0,0.089,0.00058305,0,0.001036322,1.098305,0.8267788,0.01159794,0.000142207,0.7988032,0.2619357,0.01447496,0.6378648,0.09602243,0.002909148,0.9130653,0.06338746,0.000812177,0.01078396,0.002552109,0.01370425,0.03815865,0.02138194,0.000429319,0.003786699,0.00181077,0.03483089,0.000403545,0.00132608,0.01782093,0.04511333,0.03325257,0.0365836,0,0.03899388,0.000138084,0.03565722,0.7622118,0.2476532,0.000701516,0.8266486,0.05954354,0.001678292,0.003445469,0.03605995,1.51E-06,0.001077648,0.01071214,0.003688566,0.840382,1.042333,0.1355439,0.563158,1.217487,0.6233563,1.240813,0.41327,0.4972696,0.06299645,0.4051161,0.4346528,0.01324512,0.008513169,0.02865261,0.002228787,0.004196672,0.7503136,0.1175642,0.01059936,0.689695,2.452784,0.1416404,0.6823639,0.1653098,0.1027405,0,1.995387,0.1009009,0.007144426,0.03778892,0.2314743,1.128129,1.399103,1.82069,1.590846,0.01864609,0.6993464,0.9741614,0.665392,0.84,1.6,1.84331,1.342,2.780328,1.466514,1.511254
2001,0.9581292,0.00219255,0.005,0.6818844,0.000125561,0.247,0.6453702,0.001435338,0.218,0.9966579,0.000506398,0.86,4.18E-05,0.206,0.8233754,0.006704967,0.321,0.7795842,0.000233632,0.72,0.005420624,0.362,0.95,4.83E-05,0.178,0.31,0.00096162,0.49,0.000116677,0.615,1.28,0.001612226,0.142,0.002051,0.01300243,0.8315331,0.286823,0.00325838,1.004218,0.2628486,0.002619365,1.900056,0.9566792,0.08644445,0.01013551,0.9939731,0.9389991,0.1636194,0.008447241,0.000285352,0.009476261,1.754931,1.277164,0.3749896,0.01044086,0.4397771,1.006639,0.1691327,0.01046245,0.8799794,0.8362281,0.05531148,0.001139843,1.181144,0,0.081,0.000584908,0,0.001299128,0.7819608,1.115981,0.01669185,0.000276256,0.778151,0.2738558,0.01474242,0.6873503,0.1402432,0.004578513,0.9661665,0.05525601,0.000749165,0.009398376,0.002858923,0.01365375,0.03248106,0.02829536,0.000291572,0.0101189,0.002113522,0.04087846,0.000384053,0.001754672,0.0196749,0.04329346,0.0309943,0.09593407,0,0.03519143,0.000206359,0.06393585,0.7626656,0.2500211,0.000708645,0.8795057,0.06738777,0.002020839,0.002770635,0.0327764,1.37E-05,0.000865412,0.01203707,0.008253097,0.7503411,0.8365987,0.1253804,0.41811,1.131357,0.5902944,1.091878,1.132111,0.4696774,0.1629967,0.385353,0.4106192,0.01190233,0.003987908,0.0280232,0.009938818,0.006924299,0.7557585,0.152409,0.01384061,0.6982596,2.22427,0.1300395,0.6276221,0.1366628,0.07812241,0.009887576,1.572876,0.07981863,0.01510323,0.03950601,0.2463207,1.098609,1.423767,1.355172,1.185853,0.02014682,0.6993464,0.98465,0.6383047,1.4,1.791045,1.997964,1.303132,3.206177,1.340721,1.593519
2002,0.9581292,0.001907806,0.005,0.6294318,0.000135566,0.195,0.6197591,0.001622015,0.188,0.9966579,0.000556367,0.83,2.59E-05,0.234,0.8147135,0.004184994,0.292,0.7892194,0.000355021,0.71,0.006593411,0.306,1.35,8.34E-05,0.235,0.09,0.000712844,0.62,0.000187645,0.676,1.68,0.0018,0.132,0.002077216,0.01182298,1.014533,0.3385942,0.004693036,1.032979,0.2068828,0.002120695,1.370206,0.9818498,0.06021226,0.007245568,0.8942293,0.9287153,0.1328593,0.006784057,0.000362826,0.009480697,1.553239,1.318601,0.359104,0.01032296,0.4614837,1.079173,0.1569466,0.01040819,0.8100808,0.8425871,0.05540637,0.001150481,1.273835,0,0.065,0.000658983,1.416667,0.001520071,0.9548447,0.979463,0.02266795,0.000329269,0.8044496,0.2940007,0.01636176,0.7117236,0.1411783,0.004772477,1.027084,0.07573657,0.001091584,0.01161386,0.002740441,0.01588608,0.0293562,0.02897937,0.000397962,0.007360193,0.001348432,0.03006062,0.000253693,0.001655921,0.0174635,0.04467167,0.02967822,0.05953271,0,0.03116058,0.000252354,0.03930511,0.7611069,0.2798312,0.000791516,0.9009364,0.08950786,0.002749586,0.002870479,0.03425146,8.20E-06,0.001078387,0.01129263,0.002825761,0.4802183,0.9308004,0.1598562,0.5931026,0.9190041,0.6957539,1.045391,1.143797,0.5582986,0.1957517,1.018561,0.4877591,0.03737026,0.004239053,0.02219922,0.006143206,0.005026427,0.6939999,0.1834569,0.01529872,0.5252762,2.464732,0.1083997,0.5202291,0.1647428,0.07805992,0.001728874,1.844064,0.09657374,0.01110964,0.0365893,0.3017041,1.118798,1.446936,2.044828,1.786408,0.01887662,0.7712418,0.9472681,0.6161568,1.413333,1.141791,2.361886,1.342418,2.383031,1.380064,1.498693
2003,0.9581292,0.002854021,0.005,0.5944633,0.00012378,0.145,0.5924771,0.00137573,0.161,1.002626,0.000513756,0.81,3.08E-05,0.26,0.7801526,0.003532559,0.299,0.799302,0.000252826,0.74,0.006940499,0.252,1.51,0.000122325,0.129,0.12,0.001124125,0.49,8.67E-05,0.514,1.34,0.001680194,0.153,0.001874159,0.01263132,1.041448,0.4577839,0.006513381,0.9823359,0.3197733,0.003117199,1.948731,1.066325,0.05655327,0.007390773,1.148319,0.9355419,0.1214635,0.006247755,0.000293747,0.003656148,1.438189,1.374982,0.3176442,0.009521566,2.166546,1.134175,0.1256026,0.008754085,0.9579946,0.84592,0.08142033,0.001697334,1.345339,0,0.126,0.000809363,0,0.001839237,1.050097,0.8386951,0.01626945,0.000202361,0.820686,0.2678423,0.01520684,0.7224101,0.1560996,0.005356119,1.053979,0.08973043,0.001327142,0.0138249,0.003495308,0.01525999,0.03086409,0.03128625,0.000299694,0.01006393,0.001676532,0.05495614,0.000389267,0.001974574,0.01903325,0.05745704,0.02909877,0.04847262,0,0.0355348,0.0002263,0.05014532,0.7444987,0.2117833,0.000585968,0.8769733,0.1102642,0.003297106,0.003077334,0.03698004,7.78E-06,0.00129145,0.01135522,0.005333624,0.7503411,0.6147648,0.162995,0.3994174,0.9812757,0.7044582,1.130192,0.6973309,0.5656947,0.1209237,0.8807229,0.49419,0.03273913,0.003843284,0.02303394,0.000629263,0.009884856,0.8887753,0.1362341,0.01454921,0.5570651,2.633565,0.1228346,0.5141192,0.1905985,0.08925042,0.004756126,1.815116,0.09349569,0.01839405,0.03291691,0.2966692,1.115926,1.580717,2.224138,1.943135,0.01344779,0.7712418,0.89547,0.5787126,1.373333,1.452736,1.917929,1.324656,2.674601,1.248622,1.817445
2004,0.9581292,0.002093204,0.005,0.5769791,0.000111724,0.107,0.5754555,0.001151347,0.138,1.002626,0.000589801,0.79,5.11E-05,0.239,0.780607,0.003921865,0.25,0.8277334,0.000382432,1.04,0.005645755,0.224,1.1,0.000198382,0.116,1.07,0.001417973,0.61,0.000135603,0.547,0.81,0.001718339,0.164,0.001419076,0.01266819,0.8485752,0.4749328,0.005505931,0.8715679,0.3016591,0.002609036,1.66883,1.164849,0.05181808,0.007397642,1.072013,1.03564,0.1304428,0.00742752,0.000452643,0.01713729,1.539689,1.401488,0.4100365,0.01252802,0.3363748,1.267937,0.1742591,0.01357767,0.9583719,0.8271918,0.06752475,0.001376494,1.340042,0,0.102,0.000689505,0.8717949,0.002267727,1.333644,0.9635379,0.01855773,0.000265182,0.8136413,0.299207,0.01684176,0.7285605,0.1461422,0.005057148,1.061795,0.07687443,0.001145429,0.007872041,0.003916311,0.01393509,0.03101707,0.02697631,0.000318579,0.007439668,0.001870383,0.05082442,0.000378697,0.003108987,0.02139758,0.04072217,0.0280758,0.0940049,0,0.03819158,0.000281949,0.05482477,0.7503234,0.2451914,0.00068371,0.8166639,0.1396996,0.003890009,0.004684589,0.03933232,3.60E-05,0.000851318,0.01510507,0.00710275,0.5002274,0.9436832,0.1678063,0.6312165,0.6456366,0.7175321,0.7574174,0.7250443,0.5768288,0.1282041,0.5565332,0.5038686,0.02109319,0.004896734,0.02349887,0.01307569,0.006448237,0.9576668,0.128855,0.01482781,0.8247945,1.577024,0.1089067,0.7497236,0.1561516,0.1066288,0.006139672,1.635545,0.08868694,0.01430655,0.03505285,0.4792151,1.07878,1.592676,3.217241,2.81276,0.008416732,1.16122,0.8823934,0.6222116,0.8133333,1.201493,1.796186,1.424961,3.264514,1.500812,2.015015
2005,0.9621381,0.00183927,0.004,0.5420107,0.000102289,0.082,0.5690281,0.000965451,0.123,0,0.000686392,0.76,5.70E-05,0.22,0.764247,0.00502695,0.161,0.8386878,0.000317996,0.77,0.004636112,0.185,0.99,0.00013287,0.099,0.96,0.001204689,1.06,8.54E-05,0.586,1.18,0.001570123,0.171,0.002348332,0.007164778,0.6929837,0.4397464,0.004163261,0.8929803,0.2424751,0.002148679,1.027791,1.279103,0.0449306,0.007043526,1.001841,1.133384,0.08866447,0.00552512,0.00082049,0.007314578,1.107039,1.37811,0.3270761,0.009826595,0.9122815,1.257721,0.1325131,0.01024178,0.9585809,0.8209951,0.05714512,0.001156178,1.363877,0,0.138,0.000630258,0.8717949,0.001483912,1.293299,1.154439,0.01389747,0.000237934,0.7922024,0.2389929,0.01309797,0.7215973,0.1342069,0.004599752,1.064553,0.06596178,0.000985384,0.002847364,0.002964528,0.01318621,0.02795684,0.04258031,0.000257888,0.01290937,0.001356216,0.03445662,0.000477329,0.001618235,0.01652333,0.02389213,0.02425048,0.2277144,0,0.03047364,0.000360464,0.06021678,0.7265477,0.3217188,0.000868677,0.7349153,0.1065862,0.002670854,0.002415502,0.03819584,9.86E-06,0.000639168,0.01094351,0.00606855,0.6603001,0.9909576,0.1135984,0.4487155,0.9852762,0.5497256,0.8855432,0.4579226,0.4360454,0.06120884,0.5158877,0.3813069,0.01479666,0.004080857,0.01658801,0.0001,0.006779339,1.055675,0.1006175,0.01276337,0.9340269,1.095928,0.0857062,1.025198,0.1023474,0.0955678,0.008021969,1.091417,0.07305413,0.008745803,0.02216966,0.5185902,0.8924181,1.45441,1.637931,1.432732,0.01714536,1.5,0.9181561,0.5194392,1.04,1.539801,1.35406,1.363942,2.956193,1.247443,1.74983
2006,0.966147,0.002608125,0.004,0.5420107,0.000110571,0.066,0.5646645,0.001446087,0.15,0,0.001103044,0.75,2.99E-05,0.203,0.7262803,0.006846601,0.152,0.8832263,0.000273495,0.83,0.004664078,0.19,1.39,4.37E-05,0.096,1,0.001613645,0.71,0.000116468,0.629,1.14,0.001074287,0.159,0.002451003,0.009644105,0.5937367,0.3549078,0.002878841,0.8694173,0.2720838,0.002347434,0.7859893,1.387041,0.04742555,0.008062026,0.7229314,1.278515,0.1019409,0.007165873,0.000259391,0.01607295,0.6609635,0.5719937,0.4105314,0.00511927,0.4145859,0.9149758,0.1738689,0.009776055,0.9581868,0.8233832,0.05391623,0.001094023,1.350636,0,0.146,0.000638598,0.3269231,0.001333928,1.411826,1.339273,0.01468531,0.000291678,0.846746,0.2348417,0.0137566,0.7443331,0.1255905,0.004440058,1.091679,0.09428869,0.001444442,0.003660067,0.002681281,0.01358108,0.0345363,0.04840151,0.000292677,0.007815859,0.001239802,0.05741245,0.00087181,0.002343703,0.01077582,0.0379876,0.02637596,0.1745888,0.99,0.03370483,0.000220112,0.05987075,0.6537425,0.1874373,0.000455387,0.6845891,0.07429433,0.001734194,0.001626672,0.03569234,4.78E-07,0.000929057,0.008690648,0.006091619,0.8804002,0.6574486,0.1195912,0.3134042,1.103649,0.5706698,1.029726,1.09646,0.4533781,0.1523855,0.5109517,0.3964159,0.01523578,0.008760148,0.02136811,0.000222724,0.004809687,1.291559,0.07216402,0.01119945,1.07573,1.420526,0.1279449,1.473409,0.09400331,0.1261518,0.002740515,1.316354,0.09809695,0.0116034,0.02208086,0.7878906,0.8528488,1.540359,1.958621,1.714286,0.026656,1.8,1.245999,0.585086,1.186667,1.3,0.9722072,1.232082,2.898021,1.509883,1.754406
2007,0.9701559,0.001915876,0.003,0.5245265,0.000109142,0.057,0.5567434,0.000541882,0.096,0,0.000787204,0.73,3.70E-05,0.224,0.6568816,0.00396231,0.146,0.9276267,0.000468004,0.74,0.005011482,0.178,1.19,0.000105008,0.087,0.72,0.001214559,0.46,0.00012759,0.54,0.92,0.001502084,0.166,0.001056045,0.009831841,0.5893301,0.2778243,0.002236851,0.8414187,0.3168672,0.002645769,1.397651,1.440187,0.04022054,0.007099194,1.288821,1.270411,0.07672451,0.005359116,0.000286023,0.007876267,0.9582363,0.5335907,0.4262745,0.004958703,3.72835,0.8809393,0.1324013,0.007167544,0.9583914,0.827653,0.06354556,0.0012961,1.347987,0,0.17,0.000475576,0.5448718,0.001394448,1.171769,1.443256,0.01200262,0.000256903,0.9576789,0.2207607,0.01462596,0.8010044,0.1398783,0.00532169,1.103402,0.1127417,0.001745677,0.001887277,0.002856627,0.01264459,0.03186055,0.06083867,0.000265682,0.01700374,0.002032807,0.04542871,0.000588966,0.002202883,0.01237675,0.02375384,0.02625996,0.3692816,1.08,0.03500146,0.000197955,0.05052142,0.6375033,0.1984615,0.000470194,0.6604571,0.08170353,0.001839913,0.002475038,0.02809755,1.04E-05,0.000974943,0.006496413,0.01525736,0.7403365,1.459932,0.112619,0.655372,0.7271206,0.5462402,0.6493755,1.16982,0.4331671,0.1553335,1.051052,0.3787976,0.02994782,0.009645741,0.01658802,0.03031711,0.005568177,1.188312,0.03499215,0.004996464,2.114139,0.5832561,0.1032437,1.325583,0.07793231,0.09409173,0.003680618,1.482731,0.08481999,0.00687034,0.02362735,0.7326362,0.6246747,0.9925262,1.7,1.485437,0.2212217,2,1.65026,0.5882728,1.333333,1.4,0.7701675,1.338239,2.773662,1.538247,1.92949
2008,0.9741648,0.000777871,0.002,0.5245265,9.90E-05,0.053,0.5589252,6.50E-05,0.058,0,0.000777126,0.72,1.49E-05,0.197,0.6648788,0.003514922,0.115,0.9691468,9.31E-05,0.7,0.003773296,0.207,1.67,7.58E-05,0.107,0.58,0.001562384,0.65,8.90E-05,0.823,0.8,0.001244084,0.147,0.003633474,0.008213179,0.6774778,0.3170573,0.002934547,0.9115959,0.2316933,0.002095937,0.4529567,1.468718,0.04448863,0.00800811,1.008693,1.403172,0.09623963,0.007424714,0.000585436,0.009070846,1.301588,0.5319672,0.5715644,0.006628579,1.397611,1.028388,0.153446,0.009697163,0.9588386,0.8225108,0.0592083,0.001200133,1.424788,0,0.109,0.000504466,0.9807692,0.001174732,0.784328,1.461604,0.008111331,0.000175822,1.112129,0.1159111,0.008917909,0.8268657,0.1349958,0.005301755,1.129608,0.1069086,0.001694674,0.005365787,0.003536636,0.0122117,0.03539751,0.07158619,0.000264014,0.0198785,0.001418486,0.0509383,0.000528998,0.003238083,0.01621007,0.03609858,0.02554284,0.2885255,0.98,0.0378895,0.000120337,0.04057828,0.6068109,0.2270523,0.000512032,0.6466948,0.07017704,0.001547414,0.003669026,0.03985528,5.41E-06,0.00076861,0.008705572,0.009874519,0.2801273,1.33315,0.06388983,0.3395116,1.627805,0.348393,0.9272087,0.815617,0.2724479,0.06811771,1.267252,0.2384875,0.02273331,0.004234642,0.01870764,0.01719529,0.006515783,1.663552,0.03578255,0.007152688,1.463025,0.6000694,0.07350618,2.097113,0.04881912,0.09324785,0.00456631,1.26983,0.07213957,0.006786594,0.01998683,0.8506326,0.6312248,1.015695,1.703448,1.488211,0.398059,2.1,1.913273,0.5669216,1.453333,1.3,0.5403164,1.383794,2.878116,1.479126,1.957173
2009,0.9821826,0.000874972,0.003,0.5070422,0.000107949,0.053,0.5660208,0.000242475,0.066,0,0.001157016,0.7,2.20E-05,0.241,0.6924745,0.003403952,0.159,1.019502,0.000240847,0.77,0.003886492,0.233,1.52,5.60E-05,0.094,0.77,0.002212309,0.75,0.000126413,1.072,0.91,0.001592588,0.157,0.001793966,0.01057794,0.7311988,0.3541356,0.003537637,0.9680009,0.1719314,0.001651556,0.328623,1.462676,0.04295519,0.007700274,0.7814359,1.465657,0.0892004,0.0071881,0.000456963,0.01305412,1.192361,0.5360522,0.2863116,0.003345927,0.3006488,1.141359,0.1084391,0.007605719,0.9592154,0.8213043,0.0602568,0.001219594,1.573093,0,0.05,0.000600829,0.3269231,0.000993835,1.229032,1.148902,0.007923613,0.000135007,1.405982,0.1095505,0.01065557,0.8349468,0.1828578,0.007251648,1.112137,0.05987392,0.000934419,0.00824267,0.003222258,0.0118937,0.03578581,0.05798607,0.000294662,0.02366897,0.001857512,0.06466777,0.000612355,0.001457344,0.01569498,0.06033758,0.02627303,0.2612931,1.04,0.03273777,9.79E-05,0.0527584,0.5577807,0.3033378,0.000628794,0.6438289,0.04933167,0.00108295,0.001447522,0.04451358,6.82E-06,0.001188871,0.007488612,0.01060723,1.010459,0.2546524,0.08220489,0.08344287,1.571005,0.4286928,1.101107,2.68598,0.3370755,0.2775365,1.368027,0.2949493,0.03035121,0.004170623,0.01875548,0.006728952,0.007095979,1.660204,0.02716459,0.005419087,2.102596,0.6348037,0.1117547,2.108171,0.05712692,0.1096917,0.008774928,1.663709,0.08973216,0.007440198,0.01946108,0.8020914,0.6954688,0.5889387,2.031034,1.776699,0.4551002,2.2,1.866529,0.6019758,1.866667,1.669154,0.6868451,1.75555,2.732582,1.485021,1.731566
2010,0.9861915,0.001204105,0.004,0.5070422,8.98E-05,0.055,0.5705023,0.000167762,0.072,0,0.000582777,0.68,1.21E-05,0.268,0,0.004015249,0.14,1.053407,7.79E-05,0.73,0.001050963,0.234,1.15,6.54E-05,0.083,0.77,0.000671483,0.67,1.49E-05,0.712,0.44,0.000702982,0.151,0.002093079,0.005955107,0.7356679,0.3230525,0.003246857,1.024096,0.2138488,0.002173252,0.6292102,1.412787,0.03551615,0.006149574,1.654575,1.436278,0.0841724,0.00664696,0.000300203,0.01667308,0.912394,0.7696621,0.1888868,0.003169364,0.5505071,1.27051,0.08102924,0.006326332,0,0,0.06100355,0,1.795551,0,0.023,0.000329713,0.6538461,0.000509517,0.9911466,1.098173,0.003360806,5.47E-05,1.725795,0.0684719,0.008174935,0.7830384,0.1178061,0.004381426,1.152366,0.05386435,0.000871039,0.008281212,0.001711615,0.01102748,0.03017949,0.07718672,0.000214779,0.02149027,0.002123166,0.06823455,0.000413931,0.001442801,0.01336676,0.05675583,0.02383178,0.2862887,0.81,0.03773268,0.000103275,0.04297955,0,0.2429505,0,0.6361448,0.04037667,0.000875787,0.003585679,0.03029369,7.91E-06,0.001210813,0.00360636,0.01863499,1.390632,1.028387,0.1281668,0.5253829,0.2939933,0.5995319,0.2881745,2.246629,0.4773695,0.3287581,3.36647,0.4173209,0.1056766,0.006157236,0.01789695,0.04760308,0.009170295,1.853135,0.03230114,0.007192608,2.315328,0.3415177,0.06620585,1.752728,0.0545544,0.08709062,0.009236876,1.254425,0.06039562,0.01065126,0.0220386,1.11025,0.492777,0.3923767,1.851724,1.618585,0.4744424,2.3,1.743586,0.5103569,1.92,1.106965,0.6043071,1.396541,2.552337,1.048023,1.633896
2011,0.9942093,0.000737466,0.002,0.5070422,0.000140862,0.059,0.572625,9.81E-05,0.051,0,0.000928778,0.66,1.69E-05,0.224,0,0.002787462,0.128,1.103463,0.000414643,1.47,0.003404278,0.224,0.68,9.80E-06,0.085,1.39,0.000845515,1.87,0.000176032,0.681,1.59,0.001199035,0.16,0.001908271,0.006622711,0.7448844,0.2420563,0.002463279,0.9849023,0.2625622,0.002566184,0.6408507,1.341752,0.04203591,0.006912497,0.7885352,1.648315,0.07210661,0.006534769,0.000310245,0.01853528,1.054466,0.9658183,0.08020211,0.001688697,0.7397366,1.402687,0.1230709,0.01060836,0,0,0.06015621,0,2.31197,0,0.02,0.000301856,0.8717949,0.000525842,1.110033,1.259168,0.003144622,5.87E-05,2.05841,0.09700123,0.01381312,0.7897694,0.2020219,0.007578152,1.170066,0.03981807,0.000653787,0.01198629,0.002507775,0.01497129,0.04412704,0.05231911,0.000340155,0.02564148,0.002209318,0.07374809,0.000275668,0.001745784,0.0204031,0.06092473,0.03035917,0.2868398,0.54,0.04273266,0.000174855,0.0485661,0,0.2577802,0,0.6211905,0.06792703,0.00143873,0.002545531,0.04312006,2.13E-06,0.001452203,0.004430585,0.01061582,3.281492,1.546639,0.1240729,0.7649084,1.12599,0.5859131,1.078632,0.2905107,0.4660336,0.04150207,2.392571,0.4074443,0.07332752,0.004197391,0.02471666,0.02336761,0.006671954,1.745515,0.02854388,0.005986848,2.140518,0.5936844,0.1064009,2.637124,0.03519996,0.0845473,0.02819718,1.474205,0.08143631,0.01227651,0.02936701,1.206946,0.5572903,0.6405082,2.358621,2.062413,0.3877618,2.4,1.93477,0.585086,2.213333,0.4850746,0.7446908,1.751789,2.928609,1.326786,1.663078
2012,0.9982182,0.001057798,0.004,0.489558,0.0001375,0.065,0.5749444,1.20E-05,0.058,0,0.000549668,0.64,3.29E-05,0.285,0,0.003437206,0.128,0,0.000144751,1.33,0.005222476,0.222,2.29,0.000104244,0.06,2.6,0.002365682,1.68,9.77E-05,0.636,0.89,0.002224957,0.172,0.001701444,0.008526957,0.7852637,0.2393347,0.002567613,0,0.2161141,0,0.7891797,1.253905,0.05596056,0.008599815,0,0,0.08182647,0,0.000334338,0.0141733,1.015135,1.21209,0.09310645,0.002460283,0.4024698,1.4571,0.1586617,0.01420671,0,0,0.06047219,0,3.230932,0,0.01,0.000616414,1.198718,0.001008553,1.31989,1.150512,0.003094128,5.28E-05,2.2692,0.09843937,0.01545341,0.7707355,0.1553483,0.00568691,1.201099,0.06180019,0.001041632,0.01405848,0.002851985,0.01454327,0.0400724,0.02799364,0.000329226,0.004230336,0.002289709,0.05558716,0.000501947,0.000787149,0.01703126,0.06532673,0.03217236,0.1708082,0.39,0.03571843,0.000250341,0.03769841,0,0.2680229,0,0.5756367,0.03799686,0.000745775,0.002031038,0.0452589,2.31E-06,0.001053432,0.006087604,0.01315275,1.030468,1.215092,0.09308008,0.4508268,1.701593,0.4728743,1.315549,1.15062,0.3729762,0.1315538,0.6369458,0.3262909,0.01563296,0.002277169,0.01959275,0.001999972,0.003419544,1.512155,0.0275334,0.005002854,2.19295,0.5196158,0.09540733,1.44899,0.07527192,0.09934028,0.00220232,1.464113,0.08120723,0.002699397,0.01979182,1.284663,0.5799013,0.7608371,2.675862,2.338419,0.4140879,2.5,1.645317,0.5658063,2.573333,0.6616915,0.6254132,1.808211,3.117695,1.596582,1.646457
2013,1.006236,0.002491648,0.004,0.489558,0.000117216,0.071,0.5782073,0.000212485,0.055,0,0.000958428,0.62,3.52E-05,0.251,0,0.005545125,0.128,0,0.000197055,1.02,0.003851247,0.211,0.58,2.68E-05,0.048,0.5,0.001632805,0.99,8.51E-05,0.594,0.99,0.001717619,0.151,0.001937806,0.01259327,0.8290315,0.2708051,0.003067158,0,0.2308417,0,0,0,0.04450421,0,0,0,0.07936849,0,0.000296324,0.01122614,0.4018553,1.542259,0.09632677,0.00323873,0.6451947,1.402968,0.1665955,0.01436293,0,0,0.06054398,0,3.416314,0,0.03,0.000528421,2.288461,0.001038566,0.9372831,1.32,0.003737134,7.30E-05,2.495342,0.1200925,0.02073142,0.8174031,0.1482365,0.005755142,1.196962,0.07404244,0.001243674,0.01070884,0.003308992,0.01428183,0.03335808,0.02136624,0.000292343,0.01248641,0.003103234,0.06601326,0.000483406,0.00141566,0.017401,0.04109649,0.03076521,0.1821263,1.17,0.03409263,0.00010827,0.04715544,0,0.2562512,0,0.5487484,0.07118829,0.001331968,0.00133,0.04008131,2.32E-06,0.001253901,0.009297759,0.008042143,1.000455,1.194432,0.08269909,0.3937368,1.385607,0.4307552,0.9758348,2.232679,0.3387459,0.2318412,1.34837,0.296408,0.03006303,0.005485968,0.02575436,0.006459464,0.008398701,1.000047,0.03875612,0.004657171,1.933119,0.599409,0.09701802,1.751666,0.0516895,0.08246712,0,1.397581,0.06877336,0.01424422,0.02267023,1.113478,0.5421265,0.8542601,2.434483,2.127601,0.27749,2.6,1.554478,0.5537497,2.235556,2.5,0.6982387,1.84478,3.547475,1.638112,1.740155
2014,1.014254,0.000953768,0.002,0.4720738,0.000180896,0.075,0.581,1.14E-05,0.049,0,0.00028846,0.6,1.15E-05,0.212,0,0.004111988,0.128,0,0.000194123,0.85,0.002437528,0.215,0.96,3.63E-05,0.053,0.54,0.000699602,0.75,7.39E-05,0.648,0.6,0.000995602,0.134,0.001263956,0.01182126,0.8199834,0.2560993,0.002868941,0,0.236506,0,0,0,0.04750022,0,0,0,0.07776719,0,0.000442792,0.01373436,0.7165569,1.60545,0.06198171,0.002169357,0.7007742,1.291285,0.1494427,0.01518307,0,0,0.0603908,0,3.442797,0,0.017,0.00052783,1.198718,0.000873394,1.179167,1.29,0.003574401,6.83E-05,2.670638,0.07188481,0.01328113,0.8667062,0.1502612,0.006185619,0,0.05855357,0,0.01072665,0.003475602,0.01137419,0.01471622,0.02559695,0.000243302,0.008961875,0.001202483,0.05301471,0.000408468,0.000827229,0.01526884,0.0406297,0.0231587,0.1823089,0.88,0.01849322,0.000238779,0.04485032,0,0.2606848,0,0,0.05903739,0,0.00214,0.03246167,3.86E-05,0.001141678,0.005984501,0.008191566,1.7608,0.7592615,0.09995068,0.2121033,1.378189,0.4965142,0.8481491,1.973799,0.3925852,0.1784338,2.834737,0.343381,0.05503742,0.002647843,0.02652514,0.02439911,0.004432458,1.23702,0.03741369,0.005561204,1.386148,0.7853811,0.09115083,1.227612,0.07651863,0.08555696,0.00730647,1.4453,0.0760862,0.006375194,0.03963679,1.062871,0.6035891,0.9835575,1.586207,1.386963,0.2267365,2.7,1.064972,0.568214,2.340741,1.570481,0.6982387,1.914367,2.814494,1.439232,1.217328
2015,1.018263,0.001208736,0.002,0.4720738,0.000127348,0.07,0.583,9.66E-06,0.051,0,0.000248237,0.58,9.62E-06,0.247,0,0.002934318,0.128,0,7.83E-05,0.92,0.001643521,0.215,0.54,9.04E-06,0.056,1.03,0.001052665,1.01,8.09E-05,0.648,0.57,0.000432274,0.129,0.00140091,0.01329347,0.8415921,0.2808044,0.003228597,0,0.2278206,0,0,0,0.04932166,0,0,0,0.07965405,0,0.000312859,0.01009822,0.8970327,1.760617,0.05439908,0.002087983,1.571202,0.8488515,0.1582333,0.01108681,0,0,0.06046899,0,0,0,0.017,0.000302443,0,0.001044049,1.533165,1.16,0.004975747,8.57E-05,2.943946,0.09201805,0.01874069,0.9327142,0.151282,0.005174155,0,0.06479874,0,0.007394856,0.002863767,0.01467926,0.02010922,0.04522608,0.00029757,0.01814703,0.000883325,0.04405512,0.000686323,0.000580475,0.01489572,0.03265005,0.02693285,0.2096623,0,0.006371163,0.00012071,0.04506985,0,0.2616529,0,0,0.05607418,0,0.00221,0.01376756,3.79E-05,0.001398098,0.00854266,0.0038212,1.150523,1.120233,0.09190995,0.5395355,0.8885742,0.4667146,0.8352203,2.167241,0.3681025,0.3035398,3.119957,0.3220266,0.09375194,0.004479161,0.01960364,0.02760365,0.003604893,1.130735,0.03456774,0.007199199,1.436164,0.8037806,0.09665228,0.9747646,0.09096681,0.08076251,0.007652116,1.435665,0.07755828,0.007008851,0.03532592,1.000129,0.5752056,0.8662182,2.231035,1.951456,0.1921926,2.6,1.142488,0.56259,2.38321,1.932283,0.6739635,2.031808,2.520772,1.672769,1.1191
2016,1.022272,0.000790222,0.001,0,0.00011553,0.07,0,8.74E-06,0.051,0,0.000231713,0,7.66E-06,0.247,0,0.003636529,0.128,0,9.19E-05,1.01,0.003011331,0.215,0.7,0,0.061,2.05,0.001567712,1.2,7.16E-05,0.648,0.58,0.000592087,0.134,0.001469462,0.01014955,0,0.2692363,0,0,0.2317228,0,0,0,0.0471087,0,0,0,0.07892991,0,0.001020145,0.007022486,0,0,0.07090252,0,0.7067151,0.7816496,0.1580905,0.009472076,0,0,0.06046792,0,0,0,0.017,0.000393843,0,0.001026895,0.875914,1.468268,0.005902719,0.000128531,3.134745,0.08955108,0.0194203,1.118455,0.1499266,0.005532794,0,0.06579825,0,0.007399204,0.003350552,0.01501418,0.02042577,0.02060619,0.000286725,0.02151739,0.001062094,0.03855786,0.000432253,0.000943519,0.0135448,0.03046186,0.02616568,0.1271052,0,0.005136859,0.000174616,0.03961191,0,0.2595297,0,0,0.06209995,0,0.00114,0.01920645,3.37E-05,0.001278757,0.009655832,0.001310874,1.480673,0.9302185,0.09151991,0.3854313,1.237158,0.4646613,1.040882,0.9324011,0.3664779,0.1163627,2.4106,0.3206052,0.06456664,0.007031785,0.01989945,0.02455739,0.006799097,0.7875443,0.03691252,0.007076953,1.124128,0.7295235,0.0744203,0.8769675,0.07305831,0.1042952,0.01626505,1.426182,0.0759974,0.009980725,0.02739521,0.9664989,0.5736404,0.9013453,2.083908,1.822006,0.1950856,2.5,0.9860026,0.5615179,2.319835,2.355814,0.690147,2.105783,2.379462,1.689581,1.173088
